[
  {
    "Name": {
      "Username": "hello"
    },
    "Pin": {
      "Pin": "1234567890"
    },
    "UniqueId": 24865716,
    "Boats": [
      {
        "Type": 1,
        "Length": 20.0,
        "OwnerId": 58963067,
        "UniqueId": 37561064
      },
      {
        "Type": 2,
        "Length": 10.0,
        "OwnerId": 79872114,
        "UniqueId": 25168867
      }
    ]
  },
  {
    "Name": {
      "Username": "fgyuhstj"
    },
    "Pin": {
      "Pin": "0987654321"
    },
    "UniqueId": 48455432,
    "Boats": []
  },
  {
    "Name": {
      "Username": "AAA"
    },
    "Pin": {
      "Pin": "1919191919"
    },
    "UniqueId": 67866061,
    "Boats": []
  }
]